EmployeeID,EmployeeName,Department,Age,Gender,YearsExperience,SalaryBand,MonthlyIncome,JobSatisfaction,WorkLifeBalance,Overtime,Attrition
E0001,Lisa Haney,Finance,32,Female,10,High,121386,1,4,Yes,No
E0002,Mitchell Villanueva,Finance,46,Male,15,Medium,146399,3,2,No,No
E0003,Scott Murray,Sales,50,Male,6,Medium,28778,5,2,Yes,No
E0004,Nancy Hill,IT,44,Male,4,High,81821,4,5,No,No
E0005,Brenda Curtis,Finance,38,Male,3,Medium,44775,5,1,Yes,No
E0006,Mathew Martin,Finance,36,Female,12,Low,129936,5,5,Yes,Yes
E0007,Joshua Singh,HR,56,Male,24,High,133220,2,4,No,No
E0008,Ashley Anderson,Sales,58,Female,24,Low,70810,3,4,No,Yes
E0009,Amanda White,IT,60,Male,22,Low,101550,2,4,No,No
E0010,David Atkins,IT,37,Female,12,Medium,37165,2,2,No,No
E0011,Allison Cannon,Sales,41,Female,5,Low,73725,3,2,Yes,No
E0012,Michael Young,Finance,34,Male,7,Medium,128904,5,2,Yes,No
E0013,Robert Suarez,Finance,41,Male,22,Medium,106042,5,1,Yes,No
E0014,Louis Walker,Finance,57,Male,15,Medium,73424,5,1,No,No
E0015,Jenny Ramsey,Sales,50,Male,7,Medium,51109,2,5,No,Yes
E0016,Valerie Green,Operations,60,Male,6,Low,45592,5,5,Yes,No
E0017,James Wright,IT,42,Female,16,Medium,92698,2,3,Yes,Yes
E0018,Andrew Pierce,IT,60,Male,24,High,76870,1,3,No,No
E0019,Jeremy Dean,HR,54,Female,16,Medium,43826,5,1,Yes,No
E0020,Kenneth Fowler,IT,42,Female,19,High,93295,5,1,No,Yes
E0021,Jeremy Atkins,Operations,53,Female,20,Medium,52668,3,3,Yes,Yes
E0022,William Hull,HR,32,Female,21,High,139773,4,5,Yes,Yes
E0023,Michelle Johnson,HR,49,Female,29,Low,106584,1,3,No,Yes
E0024,Christopher Bridges,Operations,44,Female,30,High,30161,2,3,Yes,No
E0025,Thomas Medina,Operations,42,Female,29,Medium,81867,4,2,Yes,No
E0026,Jeffrey Horton,IT,50,Male,2,Low,124070,4,1,Yes,No
E0027,Jeremy Bowman,Marketing,31,Male,27,High,121385,3,5,No,No
E0028,Pamela Burnett,IT,42,Female,17,Medium,45089,2,3,No,No
E0029,John Lee PhD,Marketing,39,Male,15,High,40390,2,1,No,Yes
E0030,Stephanie Doyle,Sales,46,Male,26,Low,31139,1,2,Yes,No
E0031,Jennifer Jones,IT,29,Male,26,Medium,54522,4,5,Yes,No
E0032,Olivia Macdonald,Operations,60,Male,1,Medium,61025,3,3,Yes,No
E0033,Samantha Romero,Sales,35,Male,25,Medium,92827,5,1,No,Yes
E0034,Kelly Chandler,Sales,31,Female,1,Medium,133577,3,3,Yes,Yes
E0035,Joy Atkinson,Operations,57,Male,20,Low,64495,2,2,No,No
E0036,Gregory Mcdonald,Finance,40,Female,24,High,63366,4,2,Yes,No
E0037,Gabriela Anderson,HR,46,Male,12,Medium,23603,2,3,No,No
E0038,Charles Wallace,IT,38,Male,30,Low,132360,1,2,No,No
E0039,Crystal Curtis,Marketing,35,Male,29,Medium,128367,4,3,No,No
E0040,Christopher Higgins,Marketing,33,Female,18,Medium,110319,1,2,Yes,No
E0041,Melissa Garrett,Marketing,33,Female,25,Medium,27180,3,1,Yes,No
E0042,Mark Vazquez,HR,30,Male,0,Medium,77991,5,4,Yes,No
E0043,Larry Moon,Marketing,39,Male,28,Medium,84840,1,1,Yes,No
E0044,Mark Ortiz,IT,54,Male,24,Low,61177,1,4,Yes,No
E0045,Michelle Martinez,Sales,41,Male,7,Low,128570,2,1,Yes,No
E0046,Phyllis Delgado,HR,55,Male,30,Low,127433,4,1,Yes,Yes
E0047,Vanessa Foster,Finance,45,Female,8,Medium,92590,3,5,No,No
E0048,Derrick Rodriguez,HR,43,Male,30,Medium,83411,2,4,No,Yes
E0049,Chase Ward,HR,29,Female,30,Low,64021,1,2,Yes,Yes
E0050,Elizabeth Butler,Marketing,32,Female,28,Low,101529,2,3,Yes,No
E0051,Joshua Brady,Marketing,43,Female,19,Medium,84995,3,5,No,No
E0052,Scott Jenkins,Marketing,45,Male,9,High,31651,5,5,Yes,No
E0053,Katherine Reeves,IT,49,Female,6,Low,34843,3,1,No,No
E0054,Stephanie Horne,HR,52,Male,26,Low,130097,4,2,No,Yes
E0055,Scott Berry,Finance,32,Female,2,Low,127065,1,5,Yes,No
E0056,Debbie Mitchell,HR,21,Male,22,Low,133340,1,1,No,No
E0057,Robert Hayes,Sales,57,Female,18,Medium,33991,2,5,No,No
E0058,Jonathan Roberts,IT,53,Female,13,Low,31802,2,5,Yes,No
E0059,Brittany Francis,Operations,45,Female,4,Low,34812,1,2,No,No
E0060,Anthony Knight,Marketing,21,Male,21,Low,65696,2,1,No,No
E0061,Brenda Herrera,Sales,23,Female,26,Low,141897,2,1,Yes,No
E0062,Dakota Fletcher,Finance,59,Female,5,Low,130061,3,5,No,No
E0063,Mark Cruz,Operations,60,Male,4,High,31619,3,1,No,No
E0064,Heather Edwards,HR,28,Female,21,Low,27342,2,4,No,Yes
E0065,Adrian Ruiz,IT,31,Male,26,Low,34836,4,1,No,No
E0066,Corey Adams,IT,45,Male,17,Medium,34626,2,3,No,No
E0067,Mark Jones,HR,50,Male,24,Low,128142,2,4,No,Yes
E0068,Olivia Perez,HR,33,Male,15,Medium,93584,3,1,No,Yes
E0069,Sara Kemp,Marketing,49,Female,9,High,140880,1,2,No,No
E0070,Juan Smith,Sales,58,Female,19,Medium,100162,5,4,No,Yes
E0071,Bethany Rodriguez,Sales,42,Male,24,Low,24491,4,3,Yes,No
E0072,Gabriella Chandler,IT,28,Male,27,Medium,71781,4,4,No,No
E0073,Regina Lee,Marketing,21,Female,16,Low,147116,4,4,Yes,No
E0074,Jack Phillips,Finance,54,Male,6,Medium,114534,3,2,Yes,No
E0075,Jessica Smith,Sales,51,Male,27,Low,115842,1,2,No,No
E0076,Timothy Jacobs,Sales,47,Female,4,Medium,130961,4,1,No,No
E0077,Eric Torres,Operations,32,Female,7,Low,35687,2,4,Yes,No
E0078,Todd Wallace,Sales,58,Male,23,Medium,95562,4,2,No,No
E0079,Jackson Vasquez,Marketing,39,Female,18,High,80954,1,3,No,No
E0080,Patricia Smith,Operations,53,Female,4,Medium,115120,1,1,No,No
E0081,Ashley Campos,Finance,31,Male,29,Low,48039,1,2,No,Yes
E0082,Donald Bullock,HR,47,Male,20,High,28705,3,2,No,No
E0083,Edwin Jordan,Marketing,39,Female,21,Low,22616,1,5,Yes,No
E0084,Ann Daniels,Operations,58,Male,2,Medium,24512,4,1,No,Yes
E0085,Lisa Thomas,Finance,53,Female,8,Low,107623,3,5,No,No
E0086,Laura Porter,Sales,33,Male,17,Medium,122248,3,5,No,No
E0087,Allison Nguyen,Operations,47,Male,25,Medium,37324,2,1,Yes,No
E0088,Christopher Nixon,Operations,26,Female,21,Low,39985,3,4,No,No
E0089,Kent Jensen,Sales,43,Male,27,Medium,106719,2,4,No,No
E0090,Randy Page,Operations,25,Female,14,Medium,27485,4,5,No,No
E0091,Margaret Jones,Operations,43,Female,19,Low,100067,2,2,Yes,No
E0092,Nathaniel Davis,Operations,59,Male,4,Low,53584,5,2,Yes,No
E0093,Michael Ramos,Finance,57,Female,21,Low,73151,1,5,Yes,No
E0094,Cheryl Bryant,Sales,30,Female,27,High,135270,5,3,No,Yes
E0095,Katherine Long,Finance,58,Female,24,Low,104154,5,3,No,Yes
E0096,Alexander Johnson,HR,28,Female,7,Low,140321,3,2,Yes,Yes
E0097,Nancy Marquez,IT,27,Female,3,High,80122,1,1,Yes,No
E0098,John French,Sales,51,Male,15,Low,147009,3,3,No,Yes
E0099,Margaret Ramos,HR,39,Male,28,Low,106020,4,3,No,Yes
E0100,Rhonda Campbell,IT,27,Male,24,Medium,77715,4,2,Yes,No
E0101,Jonathan Robinson,HR,42,Male,2,Medium,105775,3,1,No,Yes
E0102,Richard Valentine,Sales,35,Female,20,Low,37726,3,3,No,No
E0103,Michael Mason,Marketing,26,Male,12,Low,148738,2,5,Yes,No
E0104,Jennifer Turner,Sales,41,Female,12,Medium,134839,1,1,Yes,No
E0105,Scott Goodman,Marketing,25,Female,16,Low,63014,4,4,No,No
E0106,Nicole Rodriguez,IT,60,Female,16,Low,50828,5,5,No,No
E0107,Susan Hays,HR,21,Male,6,Low,34342,5,4,No,Yes
E0108,Autumn Green,HR,35,Male,9,Low,133385,1,4,No,No
E0109,Christina Smith,Finance,34,Male,9,Low,80627,1,3,No,No
E0110,Stephanie Lewis,Sales,42,Male,5,High,129381,3,2,No,Yes
E0111,Samuel Figueroa,Sales,41,Female,27,Medium,65456,2,4,Yes,No
E0112,Dylan Myers,Operations,47,Female,30,Low,84158,2,4,No,Yes
E0113,Carly Jacobs,HR,25,Female,7,Low,40733,3,5,No,Yes
E0114,Robin Becker,HR,36,Male,4,High,47509,3,3,Yes,No
E0115,John Sparks,Sales,29,Male,12,Low,75532,1,2,Yes,No
E0116,Cody Higgins,HR,21,Male,12,High,37600,1,2,Yes,No
E0117,Samantha Howard,Finance,31,Female,5,Medium,67559,4,2,Yes,No
E0118,Karen Wilkinson,IT,40,Male,3,High,35528,5,5,No,No
E0119,Brittany Johnson,IT,57,Female,15,Low,115038,1,4,No,No
E0120,Rebecca Miller,Operations,52,Female,26,Low,110992,2,1,Yes,Yes
E0121,Steven Lynch,Operations,31,Female,11,Medium,127101,4,2,Yes,No
E0122,Benjamin Jones,IT,30,Male,25,Medium,111612,3,3,Yes,No
E0123,Dennis Nguyen,Operations,27,Male,14,High,94070,1,1,Yes,No
E0124,Shaun Macias,Operations,59,Male,6,Low,111221,3,4,Yes,Yes
E0125,Stephen Robinson,Finance,43,Female,10,Medium,72601,3,1,Yes,No
E0126,Brittany Cruz,Sales,55,Male,9,Low,122846,3,2,Yes,Yes
E0127,Jamie Phillips,Finance,35,Female,15,Medium,145063,5,1,No,No
E0128,Bethany Bailey,Operations,60,Male,25,Medium,93840,2,1,No,No
E0129,Michael Walter,Finance,60,Female,16,Medium,29367,5,2,Yes,No
E0130,Adam Horne,Finance,51,Female,15,Medium,138160,1,3,Yes,No
E0131,Kenneth Kemp,IT,21,Female,5,Low,140198,3,2,No,Yes
E0132,Victoria Stewart,HR,23,Female,19,Low,58365,2,4,No,No
E0133,Heather Fowler,Operations,23,Female,9,High,39410,4,5,Yes,No
E0134,Timothy Reilly,Marketing,31,Male,7,Low,79043,4,2,Yes,No
E0135,Michael Mckinney,IT,46,Female,17,Low,93823,4,2,No,No
E0136,Leah Martinez,Operations,54,Female,16,Medium,33305,1,2,No,Yes
E0137,William Mcdonald,Marketing,59,Male,18,Low,54545,3,2,No,No
E0138,Justin Rangel,HR,30,Male,11,Low,88036,5,1,No,Yes
E0139,Jacob Nichols,Finance,50,Female,16,Medium,145345,4,4,Yes,No
E0140,Alyssa Baxter,Operations,52,Female,29,High,129219,4,3,Yes,No
E0141,Steven Alexander,Sales,30,Female,17,Medium,22322,4,3,No,No
E0142,Beth Ryan,Marketing,44,Male,8,Medium,114006,2,2,Yes,No
E0143,Mathew Brady,Finance,33,Female,0,Low,59763,3,3,No,No
E0144,David Hudson,HR,39,Female,20,Low,29738,3,5,No,No
E0145,Richard Parker,Operations,25,Female,23,Medium,84396,5,2,Yes,No
E0146,Vincent Knox,Operations,39,Female,26,Low,60161,2,3,Yes,No
E0147,Brianna Parrish,IT,30,Male,30,Medium,116539,3,1,No,No
E0148,Kristen Hernandez,Operations,44,Female,30,High,139926,5,1,No,No
E0149,Lisa Olson,Operations,42,Female,1,Low,54168,1,1,Yes,Yes
E0150,Daniel Miller,Operations,55,Female,5,Low,66348,5,4,No,Yes
E0151,William Winters,HR,24,Female,3,Low,39275,4,5,Yes,No
E0152,Jaime Nguyen,Sales,59,Male,0,Medium,53539,4,2,Yes,No
E0153,Christopher Hendrix,Operations,37,Female,16,High,81371,5,2,No,No
E0154,David Tyler,HR,49,Female,3,High,73002,4,5,No,Yes
E0155,Gary Johnson,IT,50,Female,2,Low,144832,5,2,No,Yes
E0156,Robert Sandoval,Marketing,23,Male,5,Low,47977,3,3,Yes,No
E0157,Regina Davis,Operations,26,Male,18,Medium,83398,2,4,No,No
E0158,Erica Pratt,HR,23,Male,7,Medium,78169,3,5,No,No
E0159,Kristopher Cochran,Operations,55,Female,26,Medium,132294,3,3,Yes,Yes
E0160,Scott Dunlap,Finance,51,Female,18,Low,20003,1,4,Yes,No
E0161,Geoffrey Clark,Marketing,58,Female,9,Medium,99807,4,2,Yes,No
E0162,April Sullivan,Finance,28,Male,20,Medium,114843,2,2,No,No
E0163,Tammy Miller,Sales,44,Female,5,Medium,75723,4,4,Yes,No
E0164,Laura Gonzalez,Sales,59,Male,11,Medium,49628,2,5,Yes,No
E0165,Amanda Cooke,Sales,37,Male,20,Medium,35277,5,3,Yes,No
E0166,Tracy Andrade,Sales,49,Female,18,Low,40899,5,4,No,Yes
E0167,Joy Moore,Sales,55,Male,8,Medium,59791,4,5,No,Yes
E0168,Matthew Schultz,Operations,53,Female,12,Medium,51641,3,2,No,No
E0169,Leslie Obrien,HR,46,Male,28,Low,113916,2,3,No,No
E0170,Stephanie Brown,HR,39,Female,25,Medium,119792,3,1,Yes,No
E0171,Joshua Allen,HR,40,Male,30,Medium,74066,5,3,No,No
E0172,Rebecca Kelley,HR,53,Male,27,Low,102887,2,1,Yes,No
E0173,Keith Mcneil,Finance,26,Female,6,High,24844,2,1,Yes,No
E0174,Stephen Zavala,Marketing,21,Male,24,High,48164,4,4,Yes,No
E0175,Lindsey Harper,IT,46,Male,0,Low,149931,4,2,No,No
E0176,Janet Johnson,IT,49,Male,15,Low,49290,5,1,Yes,No
E0177,Scott Lopez,Operations,32,Male,23,Low,106079,1,3,No,No
E0178,Diana Mitchell,Operations,60,Male,0,Low,94432,5,2,No,Yes
E0179,Susan Mack,Marketing,25,Female,15,High,45784,2,4,Yes,No
E0180,Amber Jarvis,IT,52,Male,9,Medium,127296,5,1,Yes,No
E0181,Thomas Matthews,Marketing,49,Male,10,Medium,124763,5,4,No,No
E0182,Cynthia Briggs,Operations,23,Female,29,Low,41874,4,3,No,Yes
E0183,Amanda Chang,HR,39,Male,0,Low,32260,5,4,No,No
E0184,Amy Fowler,IT,29,Female,17,Medium,58424,4,1,No,No
E0185,Angela Wilson,Operations,44,Female,2,Low,125976,1,1,Yes,No
E0186,Sharon Hayes,Marketing,32,Female,25,High,100060,4,3,No,No
E0187,Brett Aguilar,HR,53,Male,9,Medium,142503,1,3,Yes,No
E0188,Juan Chapman,IT,26,Male,18,High,121740,2,4,Yes,No
E0189,Christopher Gonzales,Sales,29,Female,21,Low,39218,3,4,Yes,No
E0190,Taylor Johnson,Operations,50,Male,13,Low,123699,5,5,Yes,No
E0191,Jason Clark,Sales,29,Male,11,Low,36130,3,2,No,No
E0192,Deanna Mcgrath,Sales,39,Male,0,Medium,135963,1,2,Yes,No
E0193,Michele Lutz,IT,42,Male,12,Medium,99256,5,5,No,No
E0194,Susan Murillo,IT,48,Male,4,Low,22275,3,4,No,No
E0195,Heather Hurley,Sales,58,Female,25,Low,146669,3,2,No,No
E0196,Mary Perez,Finance,41,Female,2,Low,114379,1,5,Yes,No
E0197,Mitchell Chavez,Marketing,56,Female,3,Low,53515,3,2,Yes,No
E0198,Dillon Warren,Marketing,60,Male,12,High,118564,1,4,No,No
E0199,Shawn Gilbert,HR,30,Male,12,Low,62322,5,3,Yes,Yes
E0200,Jimmy Perez,Finance,57,Male,2,High,101218,3,2,No,No
E0201,Jeffrey Patterson,Operations,42,Male,27,Low,95505,5,1,No,No
E0202,Donna Thomas,Operations,41,Female,22,Low,38770,3,2,No,No
E0203,Margaret Moran,Sales,55,Female,4,Low,144285,5,3,No,Yes
E0204,Andrew Rodriguez,HR,36,Female,1,Low,32564,2,1,Yes,Yes
E0205,Katherine Horne,Operations,60,Male,10,Low,23202,5,3,No,No
E0206,Kevin Harris,IT,24,Female,13,Low,146266,4,4,Yes,No
E0207,Benjamin Henson,Operations,57,Male,1,Medium,123911,5,1,No,No
E0208,Brandi Ward,HR,26,Male,30,Low,46613,5,4,No,Yes
E0209,Mr. Stephen Martin,Finance,37,Female,1,Medium,45033,5,1,No,Yes
E0210,Ryan Manning,HR,30,Male,29,Low,35697,4,4,Yes,No
E0211,Erica Schultz,Sales,44,Male,10,High,88390,5,4,Yes,No
E0212,Kimberly Zhang,Operations,26,Female,5,Medium,92026,1,3,Yes,No
E0213,Jean Houston,Operations,39,Female,5,Low,53365,2,1,Yes,No
E0214,Kenneth Maldonado PhD,HR,37,Male,16,Low,93381,5,4,Yes,No
E0215,Gilbert Reynolds,Finance,28,Female,20,Medium,69771,3,2,Yes,No
E0216,Jason Weeks,Operations,22,Female,7,High,76502,4,2,Yes,No
E0217,Lisa Nelson,Finance,29,Male,20,Medium,139708,4,1,No,No
E0218,Steven Thompson,Operations,30,Male,15,Low,108720,1,3,No,Yes
E0219,Nicholas Smith,Sales,24,Male,17,Low,123746,3,1,No,Yes
E0220,Meredith Grimes,Marketing,42,Male,2,Low,34047,4,2,No,Yes
E0221,Jennifer Winters,Operations,32,Male,23,Low,116958,1,5,No,No
E0222,Samuel Clark,Sales,56,Male,29,High,28504,1,2,Yes,No
E0223,Sandra Estrada,Finance,31,Male,10,Medium,48287,5,2,Yes,Yes
E0224,Steven Thomas,Finance,47,Female,28,Low,109401,1,5,Yes,Yes
E0225,Monica Johnson,Operations,26,Male,11,Low,55017,1,4,No,No
E0226,Ruth Brown,Sales,28,Male,11,Medium,147844,1,5,Yes,No
E0227,Caroline Shannon,IT,50,Female,17,Low,80515,5,3,Yes,No
E0228,Destiny Sims,Finance,35,Male,13,Low,148335,2,4,No,No
E0229,Christopher Pitts II,IT,49,Male,20,Medium,55588,4,4,Yes,No
E0230,Shawn Lopez,HR,52,Female,27,Low,80047,5,5,No,Yes
E0231,Kevin Cardenas,Operations,29,Female,3,Medium,106837,1,5,No,No
E0232,Amy Santiago,Sales,27,Female,15,Low,112619,2,1,No,No
E0233,Laura Cooper,Finance,42,Male,28,Low,42842,1,2,No,Yes
E0234,David Zimmerman,Marketing,27,Female,2,Low,61750,5,5,Yes,Yes
E0235,Raven Johnson,Marketing,41,Male,13,Medium,60861,2,2,Yes,Yes
E0236,Amy Brown,HR,44,Male,22,Low,70392,5,3,No,No
E0237,Jacob Moore,Marketing,44,Female,13,Medium,131777,2,4,Yes,No
E0238,Joshua Weeks,Finance,54,Male,14,Low,79633,2,4,Yes,No
E0239,Mary Vaughn,HR,33,Male,9,High,112704,3,4,No,No
E0240,Leah Jones,Sales,42,Male,15,High,77754,3,4,No,No
E0241,Douglas Crawford,Marketing,38,Female,14,Low,25289,2,4,No,No
E0242,Patricia Little,Marketing,46,Female,24,Low,135905,2,4,Yes,No
E0243,Antonio Ruiz,Operations,54,Male,5,High,64484,1,1,Yes,No
E0244,John Raymond,HR,59,Male,28,Low,29608,4,4,No,Yes
E0245,William Kim,Sales,34,Male,16,Medium,107352,5,2,No,No
E0246,Jennifer Brooks,Sales,24,Male,8,Low,73572,1,2,No,No
E0247,Mr. John Maddox,Sales,37,Female,4,Low,64799,1,5,Yes,Yes
E0248,Danielle Rogers,HR,45,Female,15,Low,87398,4,4,No,Yes
E0249,Tyler Thompson,Operations,56,Male,12,Medium,134427,2,3,Yes,No
E0250,Marcus Galvan,IT,35,Male,17,Low,43603,1,4,No,No
E0251,Mr. Jonathan Williams,Marketing,35,Male,26,Medium,104939,5,1,No,No
E0252,Karen Tran,Sales,60,Female,15,Medium,53149,2,5,No,No
E0253,Scott Diaz,Operations,28,Female,21,High,51935,1,3,Yes,No
E0254,Mr. Shane Ward,IT,25,Male,25,Medium,113472,2,1,No,No
E0255,Jeffrey Crawford,IT,53,Female,9,Low,66028,5,3,No,Yes
E0256,Lacey Garza,Operations,29,Male,2,Medium,55897,3,3,Yes,No
E0257,Amy Sharp,IT,31,Male,14,Low,102484,1,5,No,No
E0258,Joseph Howard,Sales,27,Female,28,Medium,62750,4,4,Yes,No
E0259,Brian Church,HR,46,Female,13,Low,78621,4,3,Yes,No
E0260,Jason Buck,Finance,58,Male,23,Low,56168,4,3,No,No
E0261,Alejandra Hicks,IT,52,Male,12,Low,114145,3,4,No,No
E0262,David Williams,IT,40,Male,4,Medium,130126,4,2,Yes,No
E0263,Bradley Mata,Finance,23,Female,28,Medium,105418,5,4,Yes,Yes
E0264,Robert Palmer,Finance,35,Male,27,High,58278,2,1,Yes,Yes
E0265,Heather Dominguez,Operations,60,Female,0,Medium,119391,5,5,No,No
E0266,Marcus Church,Sales,38,Female,15,Low,60732,5,5,No,No
E0267,Janice Ramos,Finance,28,Female,2,Medium,137983,2,4,Yes,Yes
E0268,David Lee,IT,37,Male,24,Low,140678,3,1,No,Yes
E0269,Melissa Dorsey,Sales,55,Female,26,High,94887,2,2,Yes,No
E0270,Rebecca Carroll,Finance,44,Male,3,Low,52227,1,2,Yes,Yes
E0271,Nicole Ellis,Operations,30,Male,13,Low,108004,3,2,No,No
E0272,Katelyn Diaz,Sales,54,Female,15,Low,72737,1,4,No,Yes
E0273,April Vasquez,Finance,32,Female,21,Low,22639,5,4,Yes,No
E0274,Debra Hughes,Operations,22,Male,18,Low,77109,5,2,No,No
E0275,Roberto Bowman,Sales,36,Male,14,High,69027,1,5,No,No
E0276,Rebecca Winters,Operations,25,Female,28,Medium,77573,3,5,No,Yes
E0277,Alyssa Fisher,Operations,52,Female,26,Low,74029,5,1,No,Yes
E0278,Christie Navarro,IT,50,Female,21,Medium,24362,2,4,Yes,No
E0279,Melanie Fisher,Marketing,21,Female,29,Low,99437,3,4,Yes,Yes
E0280,Jenna Lopez,Marketing,30,Female,30,Medium,137554,5,1,Yes,Yes
E0281,Tracy Houston MD,IT,26,Male,24,Medium,68761,1,3,Yes,No
E0282,Michael Tate,Finance,36,Female,22,Medium,122081,4,3,Yes,No
E0283,Mrs. Maria Yang,Operations,30,Male,2,Medium,97694,2,3,No,No
E0284,Jennifer Soto,Operations,48,Female,23,Medium,73993,1,1,No,No
E0285,Robert Yang,HR,49,Male,28,Low,146876,3,5,Yes,Yes
E0286,Rodney Cohen,Finance,30,Female,24,Medium,119291,3,5,No,No
E0287,Tammy Nguyen,Marketing,38,Male,26,Low,120489,1,1,No,No
E0288,Joseph Ryan,IT,46,Female,5,Low,20318,4,4,No,No
E0289,Stephanie Preston,HR,56,Male,11,Low,110927,4,5,Yes,Yes
E0290,Frederick Hansen,Finance,47,Female,8,Medium,81796,4,1,Yes,No
E0291,Richard Jackson,IT,32,Female,15,Low,109599,5,2,No,No
E0292,Joseph Graham,Finance,35,Female,23,Medium,93033,3,5,No,No
E0293,Jeffery York,Finance,37,Female,1,Low,62964,5,5,No,No
E0294,Linda Colon,HR,41,Female,24,Medium,60465,5,1,No,No
E0295,Carol Livingston,Finance,43,Male,27,Low,83193,1,5,No,Yes
E0296,David Macias,Operations,36,Male,8,Low,81415,1,5,Yes,No
E0297,Chad Stokes,Sales,55,Male,27,Medium,107582,1,1,No,Yes
E0298,Stephanie Rodriguez,Marketing,52,Male,25,Low,125391,2,4,No,Yes
E0299,Clayton Rogers,IT,37,Female,26,Low,86018,4,1,Yes,No
E0300,William Morris,Marketing,44,Male,19,Medium,87282,3,1,No,No
E0301,Ralph Stephens,Sales,33,Male,24,Medium,103996,2,1,Yes,No
E0302,Mrs. Emily Jones,Marketing,30,Female,17,Low,62030,3,2,No,No
E0303,Tiffany Thompson,Operations,50,Male,16,Medium,55303,2,1,No,No
E0304,Andrea Boyd,Finance,51,Female,22,Low,90907,4,3,No,No
E0305,Johnny Davis,Finance,27,Male,4,High,70772,1,3,Yes,No
E0306,Megan Walters,Finance,40,Male,26,Medium,38377,5,1,No,No
E0307,Michael Baker,IT,41,Female,5,Medium,137909,4,4,No,Yes
E0308,Tina Thomas,Finance,60,Female,27,Low,79965,3,3,Yes,No
E0309,Eric Morrison,Marketing,40,Male,0,Low,144055,2,4,Yes,Yes
E0310,Teresa Hernandez,Operations,43,Female,13,High,121429,5,2,Yes,No
E0311,Nichole Holmes,Marketing,49,Male,23,Low,131444,4,2,No,Yes
E0312,Eric Neal,HR,52,Male,9,Medium,89249,5,5,No,Yes
E0313,Megan Jensen,Marketing,47,Male,4,Medium,86742,3,1,No,No
E0314,Rebecca Archer,Finance,54,Male,27,Low,74154,2,5,No,No
E0315,Anna Martin,Finance,22,Male,0,High,65429,5,3,Yes,No
E0316,Christopher Butler,Marketing,45,Female,28,Medium,85767,5,1,No,No
E0317,Thomas Perez,Finance,57,Female,15,Low,119522,4,4,No,No
E0318,Lawrence Malone,Marketing,57,Female,1,Medium,91454,1,4,No,No
E0319,Matthew Peters,Marketing,38,Male,4,Medium,140429,5,5,Yes,No
E0320,Elizabeth Ward,IT,23,Female,15,Medium,77751,1,1,No,No
E0321,Veronica Poole,HR,47,Female,10,Low,45315,2,3,Yes,No
E0322,Cynthia Ellis,HR,54,Female,23,Medium,38911,2,3,Yes,No
E0323,Jose Grant,Sales,49,Male,25,Medium,132986,5,5,Yes,No
E0324,Anthony Mendez,Finance,60,Female,24,Low,59020,5,2,No,No
E0325,Denise Mccoy,Operations,23,Male,18,Medium,22496,4,5,No,No
E0326,Jeffrey Thompson,HR,45,Female,17,Low,39462,2,5,No,Yes
E0327,William Smith,HR,42,Female,5,Medium,131347,5,2,Yes,No
E0328,Arthur Hale,Sales,41,Female,1,Medium,142133,2,3,Yes,No
E0329,Cynthia Martin,IT,41,Female,22,Medium,51890,1,4,No,No
E0330,Joshua Rodriguez,Marketing,48,Female,2,Medium,60135,3,4,Yes,Yes
E0331,Phillip Powers,HR,51,Male,3,Low,45699,2,2,No,No
E0332,Victoria Avila,Sales,29,Male,10,Low,67293,2,3,No,Yes
E0333,Kathy Thompson,IT,46,Male,9,Low,139446,1,4,Yes,Yes
E0334,Rick Marquez,IT,39,Male,30,Low,130649,2,3,No,No
E0335,Joshua Donovan,Sales,30,Female,3,Medium,137953,1,3,No,Yes
E0336,Jennifer Mendoza,Operations,28,Female,8,Low,87959,1,1,Yes,No
E0337,Jennifer Wilson,IT,35,Female,19,Medium,42430,3,2,Yes,Yes
E0338,Danielle Kelley,IT,45,Male,2,Low,115604,4,2,No,Yes
E0339,Sarah Rojas,IT,47,Male,28,Medium,137519,3,5,Yes,No
E0340,Amanda Davis,Finance,34,Female,13,Medium,55501,2,2,Yes,No
E0341,Matthew Turner,Marketing,52,Male,12,Low,37033,2,5,No,No
E0342,Darrell Avery,HR,31,Male,27,Medium,87293,5,5,Yes,No
E0343,Jonathan Carlson,Operations,23,Female,24,Low,38359,4,2,No,No
E0344,Jeremiah Mcbride,Sales,42,Female,13,Medium,121855,1,2,No,No
E0345,Jeff Miller,Finance,30,Female,28,Medium,128181,5,3,No,No
E0346,Erica Williams,Operations,48,Female,8,Low,37614,4,1,Yes,No
E0347,Dana Jones,IT,30,Female,2,Medium,68911,2,3,Yes,Yes
E0348,Mallory Mcguire,Sales,21,Female,27,Low,75718,3,4,No,No
E0349,Amanda Martinez,Operations,26,Male,15,Medium,43306,4,3,Yes,No
E0350,Ricardo Perez,Marketing,56,Female,24,High,81164,2,4,Yes,No
E0351,Angela Tran,IT,29,Female,10,Low,111621,5,2,No,Yes
E0352,Katie Fischer,Sales,46,Female,20,Low,53158,4,2,No,Yes
E0353,Christina Noble,Sales,42,Male,2,Medium,146311,5,3,No,No
E0354,Joshua West Jr.,Marketing,46,Male,20,Medium,113192,2,2,No,Yes
E0355,Deanna Mosley,Finance,26,Male,23,Medium,71967,2,4,Yes,No
E0356,Brady Kane,Marketing,56,Female,2,Medium,24463,2,5,No,No
E0357,Roy Marquez,Marketing,39,Female,6,Low,104963,2,2,No,No
E0358,Madison Davis,Sales,37,Male,24,Medium,56885,4,5,No,No
E0359,Casey Mccullough,IT,23,Male,25,Low,101260,5,4,No,No
E0360,Kathryn Adams,IT,24,Female,22,Medium,95394,2,1,No,No
E0361,Veronica Rivera,Sales,40,Female,20,Low,31116,3,3,Yes,No
E0362,George Clay,IT,31,Male,27,Medium,119474,4,3,Yes,No
E0363,John Coleman,HR,53,Female,24,Medium,125244,1,5,Yes,No
E0364,Lori Morse,Operations,42,Female,22,Low,30141,4,2,No,No
E0365,Michael Vasquez,Sales,32,Female,25,Low,107622,3,5,Yes,Yes
E0366,Sheila Bryant,Marketing,45,Male,12,Low,99990,1,4,No,No
E0367,Jerry Hall,Operations,22,Male,1,Medium,42534,1,5,No,No
E0368,Teresa Rosario,Operations,49,Male,15,High,76519,2,5,No,No
E0369,Louis Kim,IT,26,Male,14,Low,105165,1,5,Yes,No
E0370,Anthony Lopez,IT,42,Female,17,Medium,33544,1,1,No,Yes
E0371,Jason Villegas,Marketing,22,Male,25,Medium,131746,3,4,No,No
E0372,Johnny Owen,Finance,50,Female,5,Low,35800,4,3,No,Yes
E0373,Megan Hernandez,IT,26,Male,8,Low,31317,2,4,No,No
E0374,Terry Phillips,IT,28,Male,4,High,126463,4,4,Yes,No
E0375,Jonathan Kirby,IT,39,Male,11,Medium,145672,2,5,No,No
E0376,Cheryl Barker,Marketing,35,Female,20,Low,114288,2,3,No,No
E0377,Thomas Palmer,Marketing,21,Male,19,Low,76880,4,2,Yes,Yes
E0378,Leroy Miller,HR,25,Male,13,Medium,29886,3,4,Yes,No
E0379,Melanie Aguilar,Sales,25,Male,12,Medium,102615,5,5,No,No
E0380,Phillip Nguyen,Sales,29,Female,11,High,46385,4,4,Yes,No
E0381,Ryan Jenkins,IT,46,Female,29,Low,67863,2,4,Yes,No
E0382,Lori Reynolds,HR,30,Male,15,Medium,129657,5,4,Yes,No
E0383,Martin Summers,Marketing,23,Male,12,Medium,139100,2,2,No,No
E0384,Aaron Wilson,Sales,44,Female,21,Medium,148760,1,3,Yes,No
E0385,Troy Manning,Marketing,60,Male,10,Medium,85853,3,4,No,No
E0386,Derek Andrews,Operations,55,Female,19,Low,143915,1,4,Yes,Yes
E0387,Brenda Sanchez,IT,48,Female,27,Low,93904,1,5,No,No
E0388,Helen Hill,Sales,21,Female,7,Medium,55736,1,2,Yes,No
E0389,David Hall,Marketing,54,Male,15,Low,147766,1,5,No,Yes
E0390,Joshua Collins,Marketing,40,Female,11,Medium,126945,4,1,Yes,No
E0391,Allison White,Sales,54,Male,22,Medium,96510,4,1,No,No
E0392,Timothy Thomas,HR,43,Male,25,Medium,50791,2,5,Yes,No
E0393,Jennifer Nolan,IT,60,Male,13,Medium,126320,2,3,Yes,No
E0394,Sandra Harris,IT,32,Male,28,Low,148361,4,3,No,No
E0395,Mr. Ricardo Figueroa,Marketing,45,Male,11,Low,81188,1,4,No,No
E0396,Wesley Moreno,Operations,46,Female,19,High,21487,3,1,Yes,No
E0397,Kimberly Preston,HR,44,Male,5,Medium,28787,3,2,No,No
E0398,Renee Cline,Sales,58,Male,10,Medium,61569,3,2,No,No
E0399,Deborah Stein,Operations,23,Male,11,Medium,100776,4,5,No,Yes
E0400,Megan Lane,HR,57,Female,1,Medium,111574,1,3,No,No
E0401,Julie Nichols,IT,35,Female,30,Low,58445,3,1,Yes,Yes
E0402,Scott Shah,Finance,38,Female,15,Medium,58751,3,5,No,Yes
E0403,Kendra Schwartz,Marketing,54,Male,21,Low,123536,3,5,Yes,No
E0404,Robert King,Sales,48,Male,1,Medium,62289,3,1,Yes,No
E0405,Vicki Hale,Finance,58,Male,24,Medium,109157,4,4,Yes,No
E0406,Steven Warner,Operations,25,Female,27,Low,116772,4,3,Yes,No
E0407,Tony Meyer,Finance,40,Male,26,Low,129672,4,4,No,No
E0408,Daniel Jefferson,Finance,36,Male,13,Medium,136993,4,5,No,No
E0409,Sean Miller,Operations,58,Male,16,Low,41253,2,4,No,No
E0410,Robert Schaefer,IT,22,Female,9,Low,33352,2,3,Yes,No
E0411,William Singh,Marketing,25,Female,3,High,104885,4,3,No,No
E0412,Scott Nelson,Sales,29,Female,26,Medium,105809,1,5,Yes,No
E0413,Jessica Morgan,Sales,49,Female,30,Low,88714,2,4,Yes,No
E0414,Kelsey Powell,HR,23,Female,17,Low,47471,1,4,Yes,No
E0415,Elijah Foster,IT,27,Male,11,Medium,145076,4,2,No,No
E0416,Michael Weeks,IT,50,Female,29,Low,102934,1,1,No,No
E0417,Jessica Thompson,Sales,35,Male,20,Medium,121217,2,1,Yes,No
E0418,Kaitlyn Walker,Sales,29,Male,9,High,57386,5,5,Yes,No
E0419,Jared White,Sales,52,Male,3,Medium,108360,2,3,Yes,No
E0420,Connie Harris,Sales,38,Female,19,Low,101290,5,2,Yes,Yes
E0421,Marcus Mccall,Sales,25,Female,17,Medium,21943,3,3,Yes,No
E0422,Lori Turner,Operations,35,Male,14,Medium,129918,5,1,No,No
E0423,Morgan Acevedo,HR,35,Male,20,Low,54501,2,4,Yes,Yes
E0424,Heather Lewis,Finance,26,Female,1,Medium,44620,1,4,Yes,No
E0425,Tamara Dean,Marketing,34,Male,8,Low,115419,2,5,Yes,No
E0426,Sara Cervantes,Operations,50,Male,8,Low,26294,1,2,Yes,No
E0427,Victoria Hawkins,Marketing,57,Male,29,Medium,42556,4,1,No,No
E0428,Kelly Clark,Operations,29,Female,26,Low,78531,1,4,Yes,No
E0429,Amanda Miller,Operations,40,Male,27,Medium,37716,5,5,Yes,No
E0430,Cynthia Parker,Marketing,23,Female,5,Low,96089,4,1,No,Yes
E0431,Christine Scott,Finance,37,Female,30,Medium,46433,4,5,Yes,No
E0432,Madison Hardy,Sales,34,Male,20,Low,120391,5,2,No,No
E0433,Mr. John Bell,HR,50,Female,25,Medium,91086,3,1,No,No
E0434,Jennifer Brewer,IT,33,Female,25,Medium,80583,1,4,No,No
E0435,Phillip Cook,IT,58,Female,8,High,28598,2,2,Yes,No
E0436,Steven Johnson,Marketing,49,Male,3,Medium,124370,5,4,Yes,No
E0437,Linda Williamson,Sales,46,Female,6,Low,73623,3,3,No,No
E0438,Angela Baxter,Finance,22,Male,27,Medium,104612,1,4,Yes,No
E0439,Christina Valentine,Operations,21,Male,11,High,44615,4,3,No,No
E0440,Valerie Anderson,Marketing,22,Female,23,High,43405,4,3,No,No
E0441,Jared Lopez,HR,54,Male,29,High,129518,1,2,No,No
E0442,Brooke Floyd,Sales,57,Male,9,Low,26333,5,3,No,No
E0443,Darius Cherry,Finance,51,Male,19,Medium,126765,4,1,Yes,No
E0444,Susan Jimenez,HR,33,Female,12,Low,103885,2,2,Yes,No
E0445,Ashley Rosario,IT,34,Female,7,Medium,82623,1,4,Yes,No
E0446,Jordan Kelly,Operations,27,Female,15,Low,81945,2,1,Yes,No
E0447,Walter Smith,HR,28,Female,27,High,42108,5,2,Yes,No
E0448,Natalie Summers,Sales,41,Male,7,Medium,95658,5,5,No,Yes
E0449,Perry Lang,Operations,49,Female,27,High,116351,5,5,No,No
E0450,James Floyd,Operations,23,Male,8,Low,40547,2,1,No,Yes
E0451,Brandon Wood,Marketing,25,Female,19,Medium,71153,3,4,Yes,No
E0452,Olivia Ballard,Marketing,45,Female,18,Low,68982,5,5,No,No
E0453,Emily Moore,Marketing,46,Female,19,High,48935,3,1,No,No
E0454,Angela Gibson,IT,38,Female,30,Low,60748,5,1,No,No
E0455,Ashley Ford,Finance,29,Female,29,High,124373,1,1,No,No
E0456,Ronald Thompson,Operations,40,Male,11,Medium,80701,4,5,Yes,No
E0457,Courtney Lucas,Operations,55,Female,20,Low,144833,1,1,No,No
E0458,Carl Kim,Sales,37,Female,4,Medium,23210,5,4,No,No
E0459,Michael Jones,IT,24,Male,7,Low,141643,1,5,No,No
E0460,Jeremy Perry,Finance,43,Female,3,Low,149125,1,5,Yes,Yes
E0461,Anthony Brennan,Sales,53,Female,21,Low,107307,3,5,No,Yes
E0462,Calvin Brown,Finance,46,Female,21,Medium,72994,3,1,Yes,No
E0463,Ethan Manning,HR,35,Male,16,Low,149380,3,1,No,No
E0464,Amber Mcbride,HR,45,Male,30,Medium,120289,1,3,Yes,No
E0465,Alicia Lee,Operations,47,Male,3,Low,127260,3,1,Yes,No
E0466,Kevin Johnson,Sales,54,Female,0,Low,20966,1,3,No,No
E0467,Mr. Gerald Gibson,IT,59,Female,11,Low,22108,3,5,Yes,Yes
E0468,Cole White,IT,45,Male,19,Medium,136550,5,3,No,Yes
E0469,Cathy Cox,Sales,50,Female,30,Low,88988,3,4,Yes,No
E0470,Justin Davis,HR,56,Male,23,Low,124004,2,5,Yes,Yes
E0471,Willie Williams,Operations,52,Female,14,Low,31552,1,1,Yes,Yes
E0472,Jill Thomas,IT,32,Male,27,Low,144425,2,5,No,No
E0473,Mr. Kenneth Carlson MD,IT,40,Female,4,Medium,22025,4,3,No,No
E0474,Jake Foley,HR,34,Male,25,High,74366,3,5,No,No
E0475,Dustin Dalton,IT,36,Male,5,Low,94562,5,4,Yes,No
E0476,Jeffrey Lee,HR,48,Female,22,Low,76461,2,3,Yes,Yes
E0477,Daniel Olson,HR,37,Female,27,Medium,64453,2,5,No,No
E0478,Emily Parker,Marketing,37,Female,12,High,74527,3,4,No,No
E0479,Antonio Garcia,HR,46,Female,27,Low,41950,4,1,No,No
E0480,Brittany Medina,Sales,60,Male,25,Low,95858,5,5,Yes,No
E0481,Timothy Hill,Sales,52,Male,13,Low,67909,5,4,Yes,Yes
E0482,Sara Rodriguez,Marketing,33,Male,7,Low,63273,2,5,Yes,No
E0483,Steven Taylor,Finance,26,Male,12,Medium,96879,2,2,Yes,No
E0484,Michael Mitchell,Finance,59,Female,6,Low,65191,5,2,Yes,Yes
E0485,Joshua Smith,IT,38,Male,1,Medium,28712,4,4,Yes,No
E0486,Anna Garrett,IT,30,Male,26,Low,145631,4,3,Yes,No
E0487,William Webb,Operations,31,Male,2,Low,118736,2,1,Yes,No
E0488,Jennifer Jones,Operations,34,Female,19,Medium,145913,2,2,Yes,No
E0489,Heather Bean,Finance,55,Female,12,Medium,57595,5,5,Yes,No
E0490,Rodney Shelton,IT,42,Male,25,Medium,107519,5,5,Yes,No
E0491,Julie Smith,Sales,21,Male,13,Low,93443,2,5,Yes,No
E0492,Dr. Jeffrey Paul,Sales,58,Female,30,Medium,80923,2,3,Yes,No
E0493,Dawn Dunn,Finance,46,Female,19,High,94207,2,3,No,No
E0494,Lynn Campos,IT,34,Male,29,Low,108264,3,5,Yes,No
E0495,Brenda Wilson,IT,30,Male,26,Low,54557,5,4,No,No
E0496,Michael Heath,Marketing,39,Male,12,Low,128730,5,1,No,No
E0497,Brett Ware,Operations,59,Female,2,Medium,84364,5,1,No,No
E0498,Renee Parker,Operations,33,Female,15,Low,71715,5,4,No,No
E0499,Samantha Morton,Finance,21,Female,27,Low,115105,2,5,Yes,No
E0500,John Hunt,IT,30,Male,20,High,49690,3,5,Yes,No
E0501,Joel Lin,Marketing,27,Male,26,Medium,97285,1,4,No,No
E0502,Heather Smith,Marketing,37,Male,11,High,99519,3,3,No,Yes
E0503,Jaime Reed,HR,58,Male,9,Low,142357,1,3,No,Yes
E0504,Austin Blankenship,Marketing,37,Male,4,Low,110383,4,1,Yes,Yes
E0505,Misty Boyle,HR,51,Male,23,Medium,36637,4,4,No,No
E0506,Jack Ochoa,Operations,36,Female,17,Medium,48429,2,2,Yes,No
E0507,Christopher Larson,Sales,36,Female,2,High,133605,5,4,Yes,No
E0508,Denise Shah,Operations,44,Male,27,Medium,48314,2,3,Yes,No
E0509,Brent Barrera,HR,60,Female,0,Medium,91314,2,1,No,No
E0510,Samuel Moore,Finance,51,Male,15,High,116999,3,5,No,No
E0511,Casey Ortiz,Operations,45,Female,24,Medium,67860,3,1,No,No
E0512,Latasha Davis,IT,41,Male,4,High,117140,3,2,Yes,No
E0513,Timothy Mason,HR,40,Male,29,Medium,142161,2,3,Yes,No
E0514,Melanie Thomas,HR,38,Female,1,Low,133182,2,4,Yes,Yes
E0515,John Butler,Marketing,36,Female,11,Low,107661,1,3,Yes,No
E0516,Allison Mcpherson,Finance,55,Male,11,High,23129,1,4,Yes,No
E0517,Derek Taylor,Operations,24,Female,21,Medium,31628,3,4,Yes,No
E0518,John Flores,Marketing,42,Male,26,Medium,105960,5,2,No,Yes
E0519,Robert Moore,Marketing,45,Female,21,Low,85990,3,2,Yes,No
E0520,David Martin,IT,34,Male,2,Medium,146300,5,5,No,No
E0521,John Wang,Finance,37,Male,18,Low,129296,5,2,No,No
E0522,Christopher Montgomery,HR,57,Female,24,Low,53972,5,5,Yes,Yes
E0523,Seth Ross,HR,48,Female,6,High,114076,5,3,No,Yes
E0524,Reginald Jordan,Finance,60,Female,19,Low,47063,5,4,Yes,No
E0525,Joanne Martinez,HR,21,Female,19,High,126896,4,3,Yes,No
E0526,Sharon Dougherty,Finance,41,Female,21,Low,95084,5,5,Yes,No
E0527,Rebecca Johnson,Operations,54,Male,30,High,106136,4,5,No,No
E0528,Jose Brown,HR,28,Male,3,Low,33959,3,3,Yes,No
E0529,Adrienne Clark DDS,Sales,38,Female,15,Medium,25035,4,2,Yes,No
E0530,Carla Jensen,Sales,56,Female,29,High,46068,1,5,No,No
E0531,Deborah Mills,IT,56,Male,20,Medium,86183,5,2,Yes,No
E0532,Bridget Nguyen,Sales,30,Female,21,Low,100401,4,3,No,No
E0533,Jennifer Mccormick,IT,21,Female,2,Low,81983,4,2,Yes,Yes
E0534,Donald Martin,HR,42,Male,25,Low,25951,3,4,Yes,No
E0535,Jason Garcia,Finance,31,Female,28,Medium,73483,1,1,Yes,No
E0536,Julie Harris,Sales,36,Female,29,Medium,87796,2,3,No,No
E0537,Hector Martinez,Finance,38,Male,12,Medium,48046,1,5,Yes,No
E0538,Jennifer Conley,IT,49,Female,19,Medium,103580,1,4,No,No
E0539,Michelle Reyes,Operations,45,Female,30,Medium,58380,4,1,No,No
E0540,Amanda Lee,Sales,27,Male,4,Medium,134556,2,1,No,No
E0541,Kimberly Newton,HR,39,Male,23,Low,69486,1,3,No,No
E0542,Jason Clark,IT,31,Female,15,High,143446,5,4,No,No
E0543,Charles Harris,IT,60,Male,13,Medium,134600,3,2,No,No
E0544,John Perez,HR,58,Female,19,Low,144277,2,3,Yes,No
E0545,Kenneth Smith,Marketing,53,Male,3,Low,102733,3,1,No,No
E0546,April Davis,Operations,30,Male,7,Medium,86433,1,4,No,No
E0547,Tammy Williams,HR,32,Female,21,Medium,115438,4,4,No,Yes
E0548,Justin Young,Operations,31,Female,7,Low,87524,5,2,Yes,No
E0549,Stephanie Hensley,HR,44,Female,27,High,111492,1,1,No,No
E0550,Virginia Lopez,HR,45,Female,13,Medium,130287,3,4,Yes,Yes
E0551,Sara Dawson,Finance,54,Female,19,Medium,122300,5,4,No,No
E0552,Stephen Morrow,Sales,57,Male,27,Low,78946,3,3,Yes,Yes
E0553,James Garrett,IT,58,Male,15,High,140775,2,4,Yes,No
E0554,Sarah Lewis,Finance,41,Male,7,Medium,65606,2,5,No,No
E0555,Heidi Hanson,Sales,48,Male,7,Low,73672,5,5,Yes,Yes
E0556,Brandon Drake,IT,44,Female,21,Low,76944,3,3,Yes,No
E0557,Toni Johnson,Operations,43,Male,6,Medium,128716,2,3,No,No
E0558,Daniel Garcia,Marketing,22,Female,27,Medium,34928,2,5,Yes,No
E0559,Ryan Robles,IT,57,Male,10,Low,88918,1,1,No,No
E0560,Louis Brown,Marketing,51,Female,11,Low,57732,5,4,Yes,Yes
E0561,Justin Woods,Finance,31,Male,17,High,102776,4,4,No,No
E0562,Jamie Trevino,Operations,60,Female,17,Medium,41176,2,5,No,No
E0563,Anthony Martinez,HR,27,Male,25,Medium,147952,5,5,No,No
E0564,Margaret Medina,IT,24,Male,2,Low,114933,3,5,No,No
E0565,Sheila Schmidt,Marketing,45,Male,4,High,58535,1,5,No,No
E0566,Brandy Johnson,IT,53,Male,6,Medium,53844,5,5,No,No
E0567,Jennifer Brown,Finance,25,Female,25,Low,53579,2,1,No,No
E0568,Jorge Williams,IT,58,Male,14,Low,106886,4,1,Yes,Yes
E0569,Roberta Joseph,HR,60,Female,27,Medium,133387,5,1,Yes,No
E0570,Kelly Baldwin,Operations,28,Female,16,Low,51584,2,2,Yes,No
E0571,David Johnson,Sales,24,Female,29,Low,138612,2,4,Yes,No
E0572,Robert Rogers,Sales,34,Female,17,Low,136767,5,1,Yes,No
E0573,Jonathon Sharp,Finance,39,Male,30,Medium,20902,3,2,Yes,No
E0574,Nicholas French,IT,29,Female,20,Medium,82136,2,5,No,No
E0575,Steven Grant,HR,44,Male,11,Low,56850,1,1,Yes,No
E0576,John Potts,Operations,59,Female,6,Low,134442,3,2,No,Yes
E0577,Holly Hampton,IT,51,Male,0,High,108715,1,5,Yes,No
E0578,Donald Harris,Finance,26,Male,27,Medium,141723,4,2,Yes,No
E0579,Zachary Peters,Finance,60,Male,23,Low,65146,2,1,No,No
E0580,Diamond Smith,IT,43,Male,1,Low,102786,4,5,No,Yes
E0581,Rachel Joyce,Sales,52,Female,4,Low,149830,3,3,No,Yes
E0582,Wayne Griffin,Operations,24,Male,6,Low,77628,2,3,No,Yes
E0583,David Anderson,IT,32,Female,7,Low,76094,5,4,Yes,No
E0584,Laurie Jackson,HR,24,Female,2,High,74391,5,5,Yes,No
E0585,Tammy Smith,Marketing,55,Male,5,Medium,46289,1,5,No,No
E0586,Lori Williamson,Finance,34,Male,24,Medium,47475,3,2,No,No
E0587,Katherine Hanna,Finance,23,Female,12,Medium,79320,3,4,Yes,No
E0588,Jessica Roberson,Operations,43,Male,29,Medium,110290,5,4,No,No
E0589,Jerry Jordan,Sales,57,Female,5,Low,38872,5,4,No,No
E0590,Benjamin Garner,HR,26,Male,5,Low,118571,3,1,Yes,No
E0591,Gloria Tran,HR,28,Male,19,Medium,145112,1,4,No,No
E0592,Allison Mahoney,IT,27,Male,0,Medium,134022,4,5,Yes,No
E0593,Breanna Burke,Sales,56,Male,20,Low,100768,5,5,Yes,No
E0594,Toni Douglas,Sales,41,Male,26,Medium,108665,5,5,No,No
E0595,Daniel Jennings,Sales,24,Female,16,High,125649,3,1,No,Yes
E0596,Ethan Ford,IT,34,Male,29,Low,27115,5,3,No,Yes
E0597,Tammy Garcia,HR,49,Male,22,Medium,23956,4,3,No,No
E0598,Mrs. Kelly Gomez,HR,47,Female,2,Low,95190,1,3,Yes,Yes
E0599,David Contreras,Operations,27,Male,6,Low,95941,1,5,Yes,No
E0600,Rodney Nash,Finance,59,Male,7,Medium,104095,1,3,Yes,No
E0601,Hector Johnson,Finance,58,Male,10,Low,34113,3,5,Yes,No
E0602,Robert Kent,IT,53,Male,22,Low,144009,2,2,No,Yes
E0603,Thomas Fernandez,Finance,51,Female,11,Low,63973,4,1,No,No
E0604,Noah Cisneros,HR,32,Female,16,Medium,82088,4,3,No,Yes
E0605,Mark Williams Jr.,Sales,44,Male,17,Low,72147,3,2,No,No
E0606,Kevin Garcia,Finance,57,Female,24,High,87862,3,3,Yes,No
E0607,Debbie Harris,Sales,43,Male,27,Medium,41999,5,5,No,No
E0608,William Miller,Sales,37,Male,27,Low,55233,1,5,No,No
E0609,Matthew Vargas,IT,25,Female,2,Medium,51335,3,4,Yes,No
E0610,David Myers,HR,47,Male,21,Medium,126553,4,1,No,No
E0611,Janice Barnes,HR,38,Female,18,Low,146004,4,2,No,Yes
E0612,Joshua Woodward,HR,49,Male,14,Low,40291,2,1,No,No
E0613,Russell Graham,Marketing,59,Male,16,Low,72280,2,2,No,Yes
E0614,Dana Bell,HR,57,Female,16,Low,75946,5,3,No,No
E0615,Jared Marshall,HR,28,Female,23,High,126907,1,4,Yes,No
E0616,Brandi Finley,Marketing,31,Female,27,Low,71006,2,2,Yes,No
E0617,Jim Smith V,Sales,45,Female,9,Medium,49739,1,4,Yes,No
E0618,Dr. Edgar Murphy,Finance,40,Male,10,Low,105657,4,4,No,No
E0619,Donald Sutton,Marketing,28,Male,28,Low,119375,3,4,Yes,Yes
E0620,Tammy Phelps,IT,52,Male,18,Medium,31447,2,2,Yes,No
E0621,Juan Hammond,HR,54,Male,1,Low,105675,2,4,Yes,Yes
E0622,Joseph Graves,HR,52,Male,30,Medium,34539,3,3,No,No
E0623,Hannah Pollard,Operations,33,Female,0,Medium,114470,2,2,No,No
E0624,Mary Bishop,Sales,23,Male,11,Low,138077,3,2,Yes,No
E0625,Tammy Harris,Finance,24,Female,17,Low,105535,2,1,No,Yes
E0626,Kelsey Thomas,Marketing,32,Female,20,Low,129940,1,4,No,Yes
E0627,Martin Lawson,IT,44,Female,1,Low,30485,1,2,Yes,Yes
E0628,Chad Wu,HR,45,Female,2,Low,110691,3,4,Yes,Yes
E0629,Adrian Sanchez,Sales,47,Female,6,Medium,124556,4,5,Yes,No
E0630,Jeffrey Wade,HR,29,Female,19,High,90759,4,3,Yes,No
E0631,Derek Davis,Sales,31,Male,4,Low,131769,5,3,Yes,No
E0632,Andre Delgado,Sales,22,Female,2,Low,38131,1,4,No,Yes
E0633,Jason Wong,IT,23,Male,7,Low,56662,4,4,No,No
E0634,Ray Morris,IT,25,Male,9,Low,55747,2,4,Yes,Yes
E0635,Johnny Nolan,Finance,38,Male,2,Low,140567,4,3,Yes,Yes
E0636,Cheryl Vasquez,Finance,43,Female,3,High,81585,4,3,Yes,No
E0637,Jordan Barton,Marketing,24,Male,12,Low,89902,3,3,No,No
E0638,Lisa Hart,IT,59,Female,30,Medium,51628,2,2,Yes,No
E0639,James Knox,Finance,59,Male,20,Low,147636,2,2,No,Yes
E0640,Melissa Hurst,Marketing,22,Female,12,Medium,30652,3,5,No,No
E0641,Nicole Huynh,HR,40,Female,13,High,58328,3,2,Yes,No
E0642,Justin Monroe,HR,24,Female,0,Medium,104183,4,3,No,No
E0643,Christina Dudley,IT,29,Male,25,Medium,141284,5,2,No,No
E0644,Nicholas Arnold,Marketing,53,Male,7,Low,145926,1,2,Yes,No
E0645,Joshua Wilson,Marketing,26,Male,8,Low,79747,5,1,No,No
E0646,Deborah Hicks,Marketing,49,Female,9,Medium,87273,5,2,No,No
E0647,Linda Doyle,Marketing,44,Male,30,Low,103058,3,5,Yes,No
E0648,Andrew Owens,Sales,30,Female,0,Low,135404,4,3,Yes,No
E0649,Courtney Gibson,HR,53,Male,11,Medium,60876,3,4,Yes,No
E0650,Kimberly White,Finance,51,Female,28,Medium,24032,1,1,Yes,No
E0651,Allison Stewart,HR,34,Male,2,Low,76012,1,5,No,No
E0652,Christine Erickson,Marketing,45,Male,4,Low,24192,2,1,Yes,No
E0653,David Wells,Marketing,53,Female,25,Low,60729,1,5,Yes,No
E0654,Shawn Mcgee,IT,32,Female,7,Medium,56103,2,4,Yes,No
E0655,Sandra Mitchell,HR,40,Female,8,Low,136341,1,2,Yes,No
E0656,Christopher Le,IT,39,Female,30,Medium,72574,1,1,Yes,No
E0657,Rhonda Johnson,Operations,23,Male,9,Low,26062,1,1,No,No
E0658,Christopher Blair,HR,49,Male,0,Low,60300,1,2,Yes,Yes
E0659,Stephen Kim,Sales,34,Female,28,Low,53508,1,1,Yes,Yes
E0660,Andrew Sanders,Operations,41,Male,17,High,51294,5,2,No,No
E0661,Robert Burns,Marketing,32,Male,1,Medium,126397,3,3,Yes,No
E0662,Thomas Howard,Marketing,33,Male,10,Low,124127,1,4,Yes,No
E0663,Reginald Johnson,Sales,60,Male,7,Medium,144413,1,5,Yes,No
E0664,Abigail Anderson,Operations,59,Female,16,Medium,42819,1,2,Yes,No
E0665,Nancy Keller,Operations,60,Male,9,Medium,88924,2,5,Yes,No
E0666,William Newman,Sales,36,Male,23,Low,31684,2,2,Yes,No
E0667,Joseph Joyce,Sales,54,Male,28,High,70763,4,4,No,No
E0668,Amber Miller,Sales,27,Female,25,Medium,76668,4,1,Yes,Yes
E0669,Jessica Torres,Operations,30,Female,13,Medium,75461,3,2,Yes,No
E0670,Samantha Luna,HR,45,Female,21,Medium,32968,5,4,No,No
E0671,Rebecca Lindsey,Marketing,44,Female,15,High,38259,3,4,Yes,No
E0672,Sue Chapman,IT,21,Female,24,Medium,65667,2,1,No,No
E0673,William Watts,HR,43,Male,4,High,109523,2,5,Yes,No
E0674,Virginia Ferguson,IT,46,Female,13,Low,115589,5,2,No,Yes
E0675,Melvin Villarreal,Finance,33,Female,28,Low,91734,2,2,Yes,Yes
E0676,Sean Nielsen,Finance,48,Male,9,Medium,132182,4,3,No,No
E0677,Laura Daniels,Sales,27,Female,2,Low,113993,1,3,No,Yes
E0678,Reginald Randolph,Operations,45,Female,20,High,138619,3,3,Yes,No
E0679,Nathaniel Carter,IT,60,Female,19,Medium,139327,2,3,Yes,No
E0680,April Martin,Operations,53,Female,11,Medium,128417,3,2,Yes,No
E0681,Kevin Daniel,IT,30,Male,21,Medium,22548,4,3,No,No
E0682,Trevor Melendez,Operations,38,Female,3,Low,45214,1,5,No,No
E0683,Lisa Ayers,Operations,21,Female,0,Medium,50068,1,3,No,No
E0684,Kevin Rodgers,Finance,29,Male,20,Low,102093,2,4,No,Yes
E0685,Gina Garcia,Operations,32,Female,22,Low,122140,1,2,Yes,No
E0686,Scott Orozco,IT,59,Female,17,Low,83943,4,4,No,No
E0687,Gregory Mahoney,IT,37,Female,3,Medium,144040,2,1,No,No
E0688,Jeffrey Mills,IT,27,Female,19,Medium,47491,4,1,Yes,No
E0689,Brian Jones,Operations,25,Female,23,Medium,78708,5,3,Yes,No
E0690,Shelly Johnson,IT,29,Female,18,Low,82987,1,2,No,Yes
E0691,Jonathan Wallace,Operations,45,Female,1,Low,31837,4,2,No,No
E0692,Karen Morgan,Operations,32,Female,29,Medium,49547,1,2,No,No
E0693,Cindy Buchanan,Marketing,25,Female,30,Medium,37745,5,3,Yes,No
E0694,Robert Price,IT,21,Male,15,Medium,88381,4,4,Yes,No
E0695,Brittany Avila,Finance,58,Female,27,Low,56708,2,4,Yes,Yes
E0696,Jeremy Fuller,HR,28,Male,9,Low,136585,1,4,No,Yes
E0697,Tracy Fitzpatrick,Operations,35,Female,22,Low,24736,4,4,No,Yes
E0698,Carla Jones,Operations,50,Female,11,Low,78264,1,4,Yes,No
E0699,Joseph Fields,Finance,30,Female,19,Low,122918,4,1,No,No
E0700,Mario Levy,IT,37,Male,7,Medium,78909,2,1,Yes,No
E0701,Taylor Smith,Marketing,30,Female,24,High,123461,4,3,Yes,No
E0702,Emily Myers,Operations,54,Female,28,Low,139481,2,5,No,No
E0703,John Clark,Marketing,44,Female,28,High,51484,4,1,Yes,No
E0704,Vernon Floyd,Marketing,30,Male,6,Low,24237,3,5,Yes,Yes
E0705,Joshua Jackson,Marketing,25,Male,11,Medium,147154,3,3,No,No
E0706,Eric Brewer,HR,50,Male,1,Low,145602,1,5,No,Yes
E0707,Kayla Martinez,HR,42,Male,30,Medium,143222,3,4,Yes,No
E0708,William Hart,IT,29,Female,28,Low,72550,2,5,No,No
E0709,John Park,Operations,42,Female,20,Medium,24413,5,4,No,No
E0710,Whitney Young,IT,30,Female,30,Low,126989,1,4,No,Yes
E0711,Christine Mitchell,Operations,27,Male,22,Medium,24180,2,2,Yes,No
E0712,Kenneth Johnson,Finance,60,Male,8,Low,106717,1,3,Yes,No
E0713,Dustin Blackwell,IT,25,Male,8,Medium,42854,2,2,No,No
E0714,Wayne Stewart,HR,53,Male,6,Low,22020,5,2,No,No
E0715,Heidi Jackson,Finance,47,Male,26,Medium,145042,4,1,Yes,Yes
E0716,Michael Tran,Operations,59,Female,10,Low,92332,5,1,No,No
E0717,Sarah Silva,IT,55,Female,30,High,66910,2,5,No,No
E0718,Bradley Johns,IT,28,Male,17,Medium,109128,2,4,No,No
E0719,Michael Lawrence,HR,60,Female,14,Medium,101791,4,1,No,No
E0720,Craig Powell,IT,32,Female,10,Low,26021,5,5,No,No
E0721,Elizabeth Smith,Operations,52,Female,10,Medium,75525,3,2,Yes,No
E0722,Wayne Rush,HR,29,Female,19,Low,118250,5,5,No,Yes
E0723,Christopher Lopez,Finance,53,Female,16,High,57188,1,2,No,Yes
E0724,Sharon Hamilton,IT,51,Female,18,Medium,118286,4,5,Yes,No
E0725,Carlos Schaefer,HR,22,Male,1,Medium,49437,3,4,Yes,Yes
E0726,Brittany Cruz,Operations,55,Male,18,Low,117242,2,3,Yes,Yes
E0727,Samuel Gay,Marketing,51,Female,13,Medium,31505,5,2,No,No
E0728,Oscar Wagner,Marketing,49,Male,24,Medium,76188,1,3,No,No
E0729,John Miller,Sales,52,Male,5,Low,140108,2,3,No,No
E0730,Carolyn Mcdonald,IT,32,Female,22,Medium,117657,4,1,Yes,No
E0731,Eric Weaver,HR,46,Female,7,High,133747,4,2,No,Yes
E0732,Donna Perez,Sales,59,Female,18,Medium,54679,5,3,Yes,No
E0733,Susan Cole,Sales,45,Male,9,Low,123916,3,2,Yes,No
E0734,Megan Clay,Operations,36,Male,27,High,123293,4,5,No,No
E0735,Russell Chavez,Sales,39,Male,29,Medium,109274,5,4,No,No
E0736,Elizabeth Frazier,IT,37,Male,9,Medium,57851,3,3,Yes,No
E0737,Elizabeth Johnson,Operations,28,Male,6,Low,100412,4,4,Yes,No
E0738,David Hernandez,IT,44,Female,10,Low,130547,2,5,Yes,No
E0739,Lauren Murillo,Marketing,57,Female,18,Medium,125570,4,3,No,No
E0740,Robert Lewis,HR,31,Female,26,Low,71928,1,5,No,No
E0741,Natalie Allen,Marketing,36,Male,7,Medium,42790,1,2,Yes,No
E0742,Mr. Brendan Hicks,Marketing,60,Male,4,Low,56276,3,5,No,No
E0743,Susan Fleming,Operations,33,Female,6,Low,147771,3,4,No,No
E0744,Jamie Peters,Finance,24,Female,24,Medium,71369,3,5,No,No
E0745,Vanessa Kaiser,Finance,55,Female,12,High,130671,5,5,No,No
E0746,Martin Shaw,Operations,27,Female,12,Medium,60336,2,4,Yes,Yes
E0747,Adrian Robinson,HR,42,Female,25,Low,53367,2,1,No,Yes
E0748,Peggy Collins,IT,28,Male,11,Low,142424,3,5,No,Yes
E0749,Michael Campbell,HR,27,Female,18,Medium,107496,4,4,No,No
E0750,William Larsen,Finance,56,Male,8,High,138436,4,4,Yes,No
E0751,Ryan Martinez,HR,60,Male,28,Low,137050,4,5,Yes,No
E0752,Jason Garrett,Marketing,26,Female,6,Low,120507,3,2,Yes,No
E0753,Alejandro Smith,IT,31,Female,24,Medium,119292,2,2,No,No
E0754,Carl Terrell,Sales,38,Female,29,Low,78087,3,5,Yes,No
E0755,Melody Simon,Finance,40,Female,5,Low,90135,4,4,Yes,No
E0756,Katie Kline,Sales,21,Female,28,Medium,100655,5,3,No,No
E0757,Jason Gonzalez,Operations,35,Male,3,Medium,83822,4,1,No,No
E0758,Bridget Jacobson,HR,42,Female,13,Medium,130036,1,3,Yes,No
E0759,Rebecca Mata,Marketing,21,Male,16,Low,75020,5,2,Yes,No
E0760,Melissa Nelson,Finance,24,Male,29,Low,93098,3,2,Yes,No
E0761,Deborah Johnson,Operations,40,Female,8,Medium,103092,3,1,No,No
E0762,James Johnson,Sales,37,Male,28,Low,37473,4,2,No,No
E0763,Taylor Holden,HR,57,Female,29,Low,103385,2,2,No,Yes
E0764,Kyle Gonzalez,Operations,34,Male,1,Low,45028,2,2,No,No
E0765,Lisa Mcneil,HR,47,Male,6,Low,118049,1,1,Yes,Yes
E0766,Jay Ruiz,Operations,41,Female,25,High,78497,1,5,No,No
E0767,Jose Long,IT,50,Female,22,Medium,85982,5,3,Yes,Yes
E0768,Lisa Mclaughlin,HR,30,Female,9,Medium,91201,2,3,Yes,No
E0769,Martin Moody,HR,31,Male,0,Low,45398,2,3,Yes,Yes
E0770,Mindy Christian,Operations,26,Male,12,High,111536,5,5,Yes,Yes
E0771,Steven Mathis,HR,45,Female,6,Medium,35210,1,4,Yes,No
E0772,Joseph Mccoy,Sales,42,Female,3,Medium,72512,5,1,No,No
E0773,John Wright,Sales,49,Male,6,Low,46118,3,3,Yes,No
E0774,Meghan Martinez,IT,41,Female,13,Medium,21880,2,4,Yes,No
E0775,Charles Lucas,Sales,31,Female,28,Low,65500,2,1,No,No
E0776,Chelsea Howard DDS,IT,27,Female,26,Low,20266,3,1,Yes,No
E0777,Joseph Robinson,Marketing,45,Male,27,Low,109010,1,1,Yes,No
E0778,Marie Mccormick,IT,29,Male,28,Low,90034,3,3,Yes,No
E0779,John Johnson,Finance,47,Male,17,Low,149390,3,5,No,No
E0780,Samantha Cain,IT,59,Male,15,Medium,66955,5,1,No,No
E0781,Joseph Mack,Marketing,45,Male,24,Medium,72528,2,4,Yes,No
E0782,Patrick Carpenter,Marketing,34,Female,28,Low,83717,2,4,No,Yes
E0783,Nicholas Hill,HR,42,Male,25,Low,143620,5,3,No,No
E0784,Richard Miller,Finance,27,Female,19,Medium,59692,5,4,Yes,Yes
E0785,Annette Bell,HR,26,Male,22,Medium,137644,1,3,No,Yes
E0786,Laura Adams,Marketing,22,Female,21,Medium,75213,1,3,Yes,No
E0787,Terry Valdez,Marketing,25,Male,18,High,54187,4,4,Yes,No
E0788,Amanda Johnson,IT,44,Female,9,Medium,34283,5,1,No,No
E0789,Jade Luna,Finance,48,Male,27,Low,31456,1,2,Yes,No
E0790,Tracy Jensen,HR,59,Female,23,Low,68338,2,2,Yes,No
E0791,Shawn Smith,IT,51,Female,27,Medium,108578,2,4,No,No
E0792,Michael Hale,Marketing,25,Male,13,Low,20358,1,4,No,No
E0793,Amanda Davis,Sales,31,Male,3,Medium,102315,4,4,No,No
E0794,Elijah Fisher,Marketing,41,Female,4,Medium,58083,5,4,No,Yes
E0795,Antonio Roberts,IT,51,Male,11,Medium,72461,3,4,Yes,No
E0796,Ronald Powers,Sales,22,Female,17,Low,87881,1,4,Yes,No
E0797,Jennifer Fleming,Marketing,59,Female,1,Low,34154,2,1,Yes,No
E0798,Scott Black,Sales,21,Male,7,Medium,42962,2,3,No,Yes
E0799,Matthew West,Marketing,35,Male,26,Medium,137557,5,1,Yes,No
E0800,Michael Summers,Marketing,39,Male,28,High,141938,4,5,No,No
E0801,Danny Davidson,Sales,29,Female,17,Medium,30589,1,4,No,No
E0802,Jason Larson,HR,44,Female,14,Low,60406,4,4,Yes,No
E0803,Steven Clayton,IT,55,Male,28,Low,71771,5,3,No,No
E0804,Cheryl Rangel,Sales,37,Female,3,Low,103305,2,5,No,No
E0805,Heather Carpenter,HR,44,Male,13,High,82483,2,2,Yes,No
E0806,Samantha Rogers,HR,53,Female,4,Medium,63716,2,5,Yes,No
E0807,Madison Lee,Operations,35,Male,18,Medium,55505,3,2,No,No
E0808,Michael Torres,Marketing,43,Female,18,Medium,55754,5,1,No,No
E0809,Jerry Caldwell,IT,46,Male,9,Low,80438,2,4,Yes,No
E0810,Jennifer Keller,Operations,41,Male,27,Low,79679,5,2,Yes,No
E0811,Angela Sexton,Sales,47,Female,3,High,137822,1,3,Yes,No
E0812,Breanna Cook,Sales,23,Male,20,High,58943,5,4,No,No
E0813,Sierra Hall,Sales,25,Female,21,Medium,24783,4,5,Yes,No
E0814,Nathan Watkins,Operations,31,Male,14,High,71488,3,2,No,Yes
E0815,Victoria Johnson,HR,52,Female,20,Low,105354,3,2,No,No
E0816,Nicole Lee,IT,60,Male,8,High,138094,4,1,No,No
E0817,Whitney Ibarra,Finance,51,Male,6,Low,104998,2,3,No,No
E0818,Charles Davis,Sales,27,Female,19,Low,143344,4,1,Yes,Yes
E0819,Adam Hall,IT,49,Female,15,High,44945,3,4,Yes,No
E0820,Earl Gomez,Finance,43,Female,27,Low,62053,3,2,Yes,Yes
E0821,Crystal Taylor,Operations,23,Female,4,High,89908,5,2,No,No
E0822,Timothy Williams,Marketing,34,Female,2,Medium,73247,3,2,Yes,No
E0823,David Nicholson,Operations,60,Male,17,Low,105248,4,2,Yes,No
E0824,Ann Gordon,Finance,41,Male,21,Medium,122569,5,1,No,No
E0825,Derek Smith DDS,HR,50,Female,2,Medium,23751,4,5,Yes,No
E0826,Jason Jones,IT,26,Female,1,Low,117220,1,3,No,No
E0827,Gerald Rocha,Operations,53,Male,3,Low,141697,3,5,Yes,No
E0828,Jeff Rowe,Sales,60,Female,12,Medium,28739,1,5,Yes,No
E0829,Holly Liu,Finance,30,Male,15,High,91140,4,4,No,Yes
E0830,Jordan Herrera,Finance,24,Male,2,Medium,135422,3,5,No,Yes
E0831,Nathan Wood,Marketing,33,Male,9,Low,43132,1,1,No,Yes
E0832,Angela Barnes,Marketing,53,Female,23,Medium,59721,1,3,No,Yes
E0833,Joseph Peterson,Operations,22,Female,9,Low,55719,1,4,No,No
E0834,Mrs. Sandra Shaffer,Marketing,46,Male,17,Medium,54024,3,4,Yes,Yes
E0835,Ian Bridges,Marketing,49,Female,20,Low,67596,1,5,Yes,Yes
E0836,Kirsten Mcconnell,Finance,42,Female,23,Low,98692,5,5,Yes,No
E0837,Dr. Richard Frost,Marketing,39,Male,24,Low,38151,3,1,Yes,Yes
E0838,Michael Torres,Finance,44,Female,28,Medium,95350,2,5,No,No
E0839,Jason Watkins,HR,40,Male,5,Low,131240,2,1,Yes,Yes
E0840,Timothy Beck,Marketing,60,Female,23,Medium,83268,3,3,Yes,No
E0841,Jesse Harrison,IT,51,Male,14,Medium,47705,2,4,No,No
E0842,Jennifer Rose,HR,31,Female,23,Medium,114681,5,5,Yes,No
E0843,Ruth Smith,Operations,43,Male,8,High,71195,1,3,Yes,Yes
E0844,Ronald Hughes,HR,26,Female,29,Medium,30103,5,4,No,No
E0845,Joseph Parrish,Finance,28,Male,11,Low,59168,5,5,No,Yes
E0846,Lori Henson,HR,40,Female,20,Low,24446,2,2,Yes,Yes
E0847,Sheila Smith,HR,21,Male,12,Medium,112911,1,4,Yes,No
E0848,Dawn Hicks,Marketing,47,Male,21,Medium,130704,4,5,Yes,No
E0849,Patricia Tucker,Finance,53,Male,24,Low,34832,4,5,No,No
E0850,Brenda York,HR,56,Male,13,High,81647,5,2,No,No
E0851,Lisa Brown,Marketing,27,Female,8,Low,81997,5,4,No,Yes
E0852,Kara Smith,IT,46,Female,14,Medium,39630,1,5,No,No
E0853,Norma Taylor,Operations,42,Male,19,Low,79923,1,4,Yes,No
E0854,Brenda Jones,Finance,22,Female,14,Medium,83423,3,4,Yes,Yes
E0855,Roger Hamilton,Operations,25,Female,16,Low,31999,1,3,No,Yes
E0856,David Moreno,HR,33,Male,1,Low,32944,1,3,Yes,No
E0857,Jacqueline Stevens,HR,45,Male,12,Low,90908,2,4,Yes,No
E0858,Joshua Adams,HR,38,Female,4,Low,61896,5,2,No,Yes
E0859,Jeff Flores,Sales,32,Female,0,Low,21162,5,5,No,No
E0860,Terri Johnson,Sales,53,Female,16,High,142803,2,4,Yes,No
E0861,Jason Pierce,HR,60,Female,14,Medium,124788,4,1,Yes,No
E0862,Thomas Andrews,Finance,36,Male,24,Medium,98439,3,2,Yes,No
E0863,Angela Webb,Sales,44,Male,14,High,140665,5,2,Yes,No
E0864,Michael Davis,Sales,41,Female,24,Medium,94440,5,1,No,No
E0865,Daniel Lynch PhD,Sales,38,Male,17,Low,72879,3,3,No,No
E0866,Stephanie Evans,Marketing,56,Female,21,Low,86346,5,2,Yes,No
E0867,James Davidson,HR,33,Female,11,Medium,80820,5,5,No,No
E0868,Briana Miller,IT,32,Female,30,Low,131813,2,5,Yes,Yes
E0869,Robert Gonzalez,HR,31,Female,15,Medium,79490,3,5,No,No
E0870,Sara Clark,Operations,24,Female,5,High,68600,1,1,No,Yes
E0871,Kathleen Hill,Operations,53,Female,6,High,91984,5,1,Yes,No
E0872,Alexis Jones,Marketing,22,Male,7,Low,76698,1,5,Yes,No
E0873,Jermaine Wilson,Finance,60,Male,18,Low,43705,2,5,Yes,Yes
E0874,Stephanie Blake,IT,50,Female,24,Low,53449,1,3,Yes,Yes
E0875,Melvin Robinson,Marketing,25,Female,17,High,93808,2,4,Yes,No
E0876,Michael Ferguson,Finance,57,Male,20,Medium,64761,5,5,Yes,No
E0877,Marco Rhodes,Finance,31,Female,18,Medium,145090,3,4,Yes,No
E0878,Debbie Obrien,Sales,21,Female,30,High,87602,2,3,Yes,No
E0879,Timothy Humphrey,Marketing,41,Male,21,Low,85877,3,1,No,No
E0880,Rebecca Cunningham,Finance,47,Male,7,Medium,62726,1,5,Yes,No
E0881,Linda Hill,Sales,46,Male,23,Low,72691,1,1,No,No
E0882,Larry Gates,Finance,32,Female,17,Medium,106860,4,4,Yes,Yes
E0883,Stephanie Powell,Operations,40,Male,21,High,90975,1,3,Yes,No
E0884,Angela Anderson,Marketing,56,Male,25,High,37653,1,5,No,Yes
E0885,Sharon Hubbard,Finance,39,Male,8,High,49351,5,1,No,No
E0886,Jeffrey Mack,IT,38,Male,30,Medium,89924,2,5,Yes,No
E0887,Jacob Walker,HR,31,Female,21,Medium,121780,3,5,Yes,No
E0888,James Turner,HR,26,Female,25,High,112519,2,5,No,Yes
E0889,Melanie Cox MD,Finance,34,Female,29,Low,120650,2,1,Yes,No
E0890,Jessica Conner,HR,44,Female,25,Low,28211,4,5,Yes,No
E0891,Kimberly Ponce,Operations,24,Female,14,Medium,50449,5,4,No,No
E0892,Dr. April Solomon,Operations,43,Male,16,Medium,74074,5,1,No,No
E0893,Stacey Fowler,Finance,51,Female,23,Low,37694,4,3,No,No
E0894,Carol Moreno,Operations,40,Male,19,Low,20678,2,2,Yes,No
E0895,Justin Jackson,HR,47,Male,21,High,44438,5,5,No,No
E0896,Jamie Bowen,Operations,39,Male,1,High,49293,5,5,Yes,No
E0897,Virginia Levy,Marketing,58,Female,21,Medium,140550,4,5,No,No
E0898,Ashley Conrad,Marketing,21,Female,18,Low,22636,4,1,No,Yes
E0899,Alexis Hurst,Marketing,23,Male,1,Low,22315,2,4,No,No
E0900,Diana Small,HR,38,Female,28,Medium,116754,5,1,Yes,No
E0901,Richard Berry,HR,55,Male,5,High,106482,4,5,Yes,No
E0902,Kevin Porter,Operations,29,Female,4,Low,27961,4,2,No,Yes
E0903,Zachary Macias,HR,29,Male,19,Medium,149757,4,3,Yes,No
E0904,Ruth Drake,Finance,44,Female,16,High,110014,2,3,Yes,No
E0905,Angela Duncan,IT,60,Male,6,Medium,60056,1,3,No,Yes
E0906,Jonathan Rowe,Sales,21,Female,30,Low,119973,3,3,Yes,No
E0907,Kathleen Martinez,IT,33,Female,23,Medium,148379,5,5,Yes,No
E0908,Robert Bennett,Marketing,21,Female,13,Low,149305,3,5,No,No
E0909,Russell Pittman MD,Marketing,24,Female,9,Low,85044,3,1,Yes,Yes
E0910,Kimberly Green,Sales,56,Male,22,Low,68244,1,5,No,Yes
E0911,Nicholas Kelly,Operations,52,Female,11,Medium,113364,4,4,Yes,No
E0912,Bob Kent,Sales,25,Male,10,Medium,74649,2,1,Yes,No
E0913,Michael Harrell,Finance,24,Female,20,Medium,132500,1,2,Yes,No
E0914,Erin Bradley,HR,47,Male,0,Low,31664,1,4,No,Yes
E0915,Kathryn Rich,Sales,60,Male,20,High,20610,3,3,Yes,No
E0916,Nathan White,Marketing,46,Male,3,High,74209,5,4,No,No
E0917,Jacob Mahoney,Operations,29,Female,15,Medium,60057,2,1,No,No
E0918,Juan Morris,Finance,60,Female,1,Low,100232,3,3,No,No
E0919,Jacob Cruz,IT,43,Male,3,Medium,130627,4,3,Yes,Yes
E0920,Jennifer Haley,Sales,54,Female,14,Low,146780,4,3,Yes,No
E0921,Lindsey Singh,Operations,48,Female,17,Low,76356,2,3,No,No
E0922,Rebecca Johnson,Marketing,31,Female,6,Medium,34764,2,2,No,No
E0923,Jenna Brooks,IT,34,Male,5,Low,138143,3,5,No,Yes
E0924,Breanna Mckinney MD,IT,29,Male,16,Medium,48470,2,2,No,No
E0925,Michael Hall,Sales,59,Male,16,Medium,149849,1,3,No,No
E0926,William Lee,Marketing,56,Male,15,High,87426,2,1,No,No
E0927,David Preston,IT,35,Male,12,Medium,118734,1,5,Yes,No
E0928,Amanda Franklin,Marketing,26,Male,8,Medium,92846,2,3,No,No
E0929,Diana Perez MD,Finance,42,Female,9,Low,76890,5,2,Yes,Yes
E0930,Beth Bowers,Finance,39,Male,25,Low,95230,1,2,No,No
E0931,Rachel Howell,Sales,43,Male,6,Medium,26581,3,2,Yes,No
E0932,Tonya Solomon,Finance,32,Female,21,Low,132946,2,5,No,No
E0933,John Lawson,HR,47,Male,8,Low,34308,4,3,Yes,Yes
E0934,Javier Rios,HR,45,Male,16,Low,126165,2,5,Yes,No
E0935,Nicholas Nichols,Marketing,60,Female,4,Low,55517,5,5,No,No
E0936,Joshua Burns,Finance,39,Male,10,Low,25597,4,5,No,Yes
E0937,Christopher Watkins,IT,38,Female,23,High,117102,3,5,Yes,No
E0938,Susan Rivera,Sales,47,Female,15,Low,31364,4,3,No,No
E0939,Miguel Manning,Operations,31,Male,7,Medium,137899,5,4,Yes,No
E0940,Jill Diaz,Sales,46,Male,16,Low,123864,3,2,Yes,Yes
E0941,Ryan Bennett,Operations,39,Female,3,Medium,113191,1,5,No,No
E0942,Jonathan Aguirre,Sales,24,Female,15,High,111655,4,4,No,No
E0943,Annette Johnson,Sales,52,Female,20,Low,48931,4,2,No,No
E0944,Donna Jackson,HR,43,Female,15,Low,114834,3,5,No,No
E0945,Christine Peterson,IT,58,Female,11,Low,32413,5,4,Yes,No
E0946,Elizabeth Turner,Operations,32,Male,19,Medium,77240,1,3,No,No
E0947,Joshua Vasquez,Finance,48,Male,4,Low,117027,3,1,No,No
E0948,Brandon Lester,HR,37,Female,1,Medium,145088,5,1,No,Yes
E0949,Rachel Calhoun,Finance,47,Female,3,Low,34564,5,1,No,Yes
E0950,Paul Warner,Operations,25,Female,7,Low,124933,5,4,Yes,No
E0951,Victor Page,Marketing,52,Male,3,Low,52320,1,4,Yes,No
E0952,Cindy Blankenship,Marketing,22,Female,1,Medium,116988,4,2,No,Yes
E0953,Erica Mullins,Finance,29,Male,11,Low,136098,3,2,Yes,No
E0954,Diane Jones,Operations,32,Male,13,Low,122778,5,1,Yes,No
E0955,Robert Salazar,Marketing,44,Male,13,Medium,33974,3,1,No,Yes
E0956,Anthony Gutierrez,Operations,58,Female,18,Low,24473,3,5,Yes,No
E0957,Ryan Grant,Sales,44,Male,29,Medium,126343,2,1,Yes,No
E0958,Bryce Bennett,HR,24,Female,27,Low,117321,3,2,Yes,Yes
E0959,Juan Baker,Sales,58,Male,29,Low,40538,3,2,Yes,No
E0960,Raymond Kennedy,HR,49,Male,7,Low,60773,1,2,Yes,No
E0961,Jennifer Jones,Marketing,43,Female,2,Medium,57093,1,1,No,No
E0962,Felicia Hernandez,Finance,34,Female,10,Low,87212,5,2,No,No
E0963,Jenna Vang,Marketing,37,Male,1,Low,69338,4,2,Yes,No
E0964,Joel Herrera,Sales,50,Female,29,High,73842,4,2,No,No
E0965,Melissa Lewis,IT,35,Male,20,Low,127594,5,4,Yes,No
E0966,Sheila Chapman,IT,46,Female,2,Low,145836,1,5,No,No
E0967,Ashley Patel,Sales,53,Male,1,Low,130750,4,4,No,No
E0968,Kenneth Williams,Finance,43,Female,26,Medium,107637,2,4,Yes,No
E0969,Mrs. Allison Chen MD,Sales,31,Female,25,High,41909,4,4,No,No
E0970,Susan Higgins,Sales,35,Male,30,Low,41826,3,5,Yes,No
E0971,John Perkins,HR,28,Male,22,High,80930,1,1,Yes,No
E0972,Lisa Simpson,Finance,25,Female,18,Low,33085,5,1,Yes,No
E0973,James Ross Jr.,Operations,25,Male,10,High,139610,5,1,Yes,No
E0974,Jo Owens,Operations,41,Male,28,Low,143624,1,3,No,Yes
E0975,Robert Hernandez,IT,28,Male,16,Low,99427,4,1,No,No
E0976,Sonya Casey,HR,47,Male,1,Low,58162,2,4,Yes,No
E0977,Madeline Lopez,Marketing,48,Female,18,Low,134446,2,1,Yes,No
E0978,Lori Henry DVM,HR,39,Male,22,High,76734,3,3,Yes,No
E0979,Brandi Salas,Finance,39,Female,11,High,50476,5,2,No,No
E0980,Travis Evans,IT,36,Male,4,Low,24552,5,1,No,Yes
E0981,Tyler Huffman,Sales,43,Female,13,High,76455,4,5,No,No
E0982,Joshua Murphy,Sales,60,Male,22,Low,28559,5,4,No,No
E0983,Roberto Mercado,IT,57,Male,1,Low,142507,4,3,Yes,No
E0984,Stephen Guzman,IT,27,Male,30,High,83058,3,2,No,No
E0985,Jeffrey Graham,HR,38,Male,19,Medium,51042,5,3,No,Yes
E0986,Margaret Carlson,Operations,38,Male,21,Medium,139684,5,2,No,No
E0987,Sophia Willis,Operations,35,Male,11,Medium,22658,1,3,Yes,No
E0988,Nathan Richmond,Finance,44,Female,25,Low,72557,1,2,Yes,No
E0989,David Hess,HR,54,Female,26,Low,66765,5,1,Yes,No
E0990,Wesley Cantrell,Operations,55,Male,20,Medium,79668,4,5,No,No
E0991,Jennifer Smith,Operations,42,Female,4,Low,57841,2,4,No,No
E0992,Jessica Torres,Sales,39,Male,8,Medium,139020,5,3,No,No
E0993,Amy Roberts,Finance,30,Female,9,Low,81550,4,1,No,No
E0994,Linda Moore,Marketing,42,Male,23,Medium,43523,2,4,No,No
E0995,Emily Lynch,Finance,54,Male,25,Medium,27327,1,4,Yes,No
E0996,Steven Bentley,HR,40,Male,5,Medium,117053,5,1,Yes,Yes
E0997,Kristin Miller,Operations,33,Male,27,Medium,92430,3,2,Yes,No
E0998,Joshua Gibbs,Finance,32,Male,26,Low,55438,3,5,No,No
E0999,David Hood,Finance,47,Female,6,High,22241,4,2,No,No
E1000,Sharon Rogers,Operations,41,Male,13,Medium,51356,4,2,No,No
